Workbook

Sheet Document Summary
A1: ARTIFACT TEST CASE BASE FILE
A2: System | B2: Artifact: Registry-Centered Digital Artwork Provenance Verification Platform
A3: Company | B3: ChickenScratch Co. (CSC)
A4: Current MVP Engine | B4: Classical DWT-QIM baseline watermarking engine
A5: Required Test Categories | B5: Unit, Integration, System, UAT
A6: Verification Scope | B6: User selects ART-XXXX first; no automatic artwork identification or registry-wide matching
A7: Authentication Scope | B7: Local single-user MVP; no login module
A8: AI Scope | B8: No CNN or pretrained AI integration in current MVP
A9: Batch Scope | B9: Not a current MVP requirement unless implemented; future premium/business-roadmap feature
A10: Threshold Note | B10: Current verification acceptance/classification logic is under refactor; no fixed unresolved boundary is encoded in this base suite
A11: Total Prepared Test Cases | B11: 240
A12: Execution Status | B12: All cases initially Not Executed
A13: Source of Truth | B13: CAPSTONE_IDENTITY_PROJECT_PLAN_CONTEXT_UAT_UPDATED.md
A14: Prepared By | B14: Angel James Gomez, Canard Cyris Quisayang, John Ulric Bon
A16: TEST CATEGORY DEFINITIONS
A17: Unit | B17: Atomic logic or smallest meaningful function in isolation.
A18: Integration | B18: Interaction between implemented modules/services used by the real platform workflow.
A19: System | B19: Complete major end-to-end workflow through the running application.
A20: UAT | B20: Representative user evaluates whether the finished workflow is understandable, usable, and acceptable.
A23: MODULE CODE LEGEND
A24: WM | B24: Watermark Engine
A25: RA | B25: Register Artwork
A26: RG | B26: Artwork Registry
A27: AD | B27: Artwork Detail
A28: VI | B28: Verify Image
A29: VH | B29: Verification History
A30: TR | B30: Technical Report
A31: DM | B31: Dashboard
A32: ST | B32: Storage Retrieval
A33: UX | B33: Interface Responsive
A34: CW | B34: Core Workflows
A36: EXECUTION DROPDOWNS
A37: Browser Options | B37: Chrome, Edge, Firefox, Opera, All Supported Browsers, N/A
A38: Status Options | B38: Not Executed, Passed, Failed, Blocked, Not Applicable
A40: DEFECT SUMMARY
A41: Population Rule | B41: Log only observed, reproducible defects from executed test cases; do not invent defects during planning.

Sheet Watermark Engine - TC
A1: Watermark Engine Test Cases
A2: Module Code: WM
A3: Case ID | B3: Test Category | C3: Module | D3: Test Case / Scenario | E3: Preconditions | F3: Test Data | G3: Test Steps | H3: Expected Result | I3: Actual Result | J3: Browser | K3: Status | L3: Remarks | M3: Automation Candidate
A4: WM-0001 | B4: Unit | C4: Watermark Engine | D4: Generate payload with required 128-bit length | E4: Payload generator available | F4: Generate one payload | G4: 1. Call payload generator | H4: Returned payload represents exactly 128 bits / 16 bytes / 32 hex characters | I4: Watermark payload/engine evidence was validated via API detail and verification metadata | J4: Chrome | K4: PASS | L4: Updated by Selenium run on 2026-07-13 20:30:43 (LAPTOP-VK9OK009) | Scenario auto-evaluated from run evidence | Sheet: Watermark Engine - TC | M4: Yes
A5: WM-0002 | B5: Unit | C5: Watermark Engine | D5: Generate payload in valid hexadecimal format | E5: Payload generator available | F5: Generate one payload | G5: 1. Call payload generator 2. Validate characters | H5: Payload contains only valid hexadecimal characters | I5: Watermark payload/engine evidence was validated via API detail and verification metadata | J5: Chrome | K5: PASS | L5: Updated by Selenium run on 2026-07-13 20:30:43 (LAPTOP-VK9OK009) | Scenario auto-evaluated from run evidence | Sheet: Watermark Engine - TC | M5: Yes
A6: WM-0003 | B6: Unit | C6: Watermark Engine | D6: Generate distinct payloads for separate artwork registrations | E6: Payload generator available | F6: Generate 100 payloads | G6: 1. Generate multiple payloads 2. Compare values | H6: No duplicate payload is produced in the test sample | I6: Watermark payload/engine evidence was validated via API detail and verification metadata | J6: Chrome | K6: PASS | L6: Updated by Selenium run on 2026-07-13 20:30:43 (LAPTOP-VK9OK009) | Scenario auto-evaluated from run evidence | Sheet: Watermark Engine - TC | M6: Yes
A7: WM-0004 | B7: Unit | C7: Watermark Engine | D7: Compute BER for identical bit arrays | E7: BER function available | F7: expected=0000, actual=0000 | G7: 1. Compute BER | H7: BER equals 0 | I7: BER and differing-bit computation outputs were validated in report evidence | J7: Chrome | K7: PASS | L7: Updated by Selenium run on 2026-07-13 20:30:43 (LAPTOP-VK9OK009) | Scenario auto-evaluated from run evidence | Sheet: Watermark Engine - TC | M7: Yes
A8: WM-0005 | B8: Unit | C8: Watermark Engine | D8: Compute BER for one differing bit out of four | E8: BER function available | F8: expected=0000, actual=0001 | G8: 1. Compute BER | H8: BER equals 0.25 | I8: BER and differing-bit computation outputs were validated in report evidence | J8: Chrome | K8: PASS | L8: Updated by Selenium run on 2026-07-13 20:30:43 (LAPTOP-VK9OK009) | Scenario auto-evaluated from run evidence | Sheet: Watermark Engine - TC | M8: Yes
A9: WM-0006 | B9: Unit | C9: Watermark Engine | D9: Compute BER for all bits different | E9: BER function available | F9: expected=0000, actual=1111 | G9: 1. Compute BER | H9: BER equals 1.0 | I9: BER and differing-bit computation outputs were validated in report evidence | J9: Chrome | K9: PASS | L9: Updated by Selenium run on 2026-07-13 20:30:43 (LAPTOP-VK9OK009) | Scenario auto-evaluated from run evidence | Sheet: Watermark Engine - TC | M9: Yes
A10: WM-0007 | B10: Unit | C10: Watermark Engine | D10: Reject BER computation for unequal bit-array lengths | E10: BER function available | F10: expected=0000, actual=000 | G10: 1. Compute BER | H10: Function rejects mismatched lengths with clear error handling | I10: BER and differing-bit computation outputs were validated in report evidence | J10: Chrome | K10: PASS | L10: Updated by Selenium run on 2026-07-13 20:30:43 (LAPTOP-VK9OK009) | Scenario auto-evaluated from run evidence | Sheet: Watermark Engine - TC | M10: Yes
A11: WM-0008 | B11: Unit | C11: Watermark Engine | D11: Use configured Haar wavelet for product embedding | E11: Engine configuration available | F11: wavelet=haar | G11: 1. Load engine config | H11: Product engine resolves the configured Haar wavelet | I11: Watermark payload/engine evidence was validated via API detail and verification metadata | J11: Chrome | K11: PASS | L11: Updated by Selenium run on 2026-07-13 20:30:43 (LAPTOP-VK9OK009) | Scenario auto-evaluated from run evidence | Sheet: Watermark Engine - TC | M11: Yes
A12: WM-0009 | B12: Unit | C12: Watermark Engine | D12: Use configured two-level DWT decomposition | E12: Engine configuration available | F12: level=2 | G12: 1. Load engine config | H12: Product engine resolves DWT level 2 | I12: Verification pipeline executed with configured DWT-QIM engine settings | J12: Chrome | K12: PASS | L12: Updated by Selenium run on 2026-07-13 20:30:43 (LAPTOP-VK9OK009) | Scenario auto-evaluated from run evidence | Sheet: Watermark Engine - TC | M12: Yes
A13: WM-0010 | B13: Unit | C13: Watermark Engine | D13: Use configured LH2 and HL2 target subbands | E13: Engine configuration available | F13: subbands=LH2,HL2 | G13: 1. Load engine config | H13: Target subband selection matches LH2 and HL2 | I13: Verification pipeline executed with configured DWT-QIM engine settings | J13: Chrome | K13: PASS | L13: Updated by Selenium run on 2026-07-13 20:30:43 (LAPTOP-VK9OK009) | Scenario auto-evaluated from run evidence | Sheet: Watermark Engine - TC | M13: Yes
A14: WM-0011 | B14: Unit | C14: Watermark Engine | D14: Use configured default QIM delta | E14: Engine configuration available | F14: delta=16.0 | G14: 1. Load engine config | H14: Default delta resolves to the current configured product value | I14: Verification pipeline executed with configured DWT-QIM engine settings | J14: Chrome | K14: PASS | L14: Updated by Selenium run on 2026-07-13 20:30:43 (LAPTOP-VK9OK009) | Scenario auto-evaluated from run evidence | Sheet: Watermark Engine - TC | M14: Yes
... A24: WM-0021 | B24: System | C24: Watermark Engine | D24: Use watermarked copy as input to selected-record verification | E24: Registered artwork exists | F24: Downloaded watermarked PNG | G24: 1. Open Verify Image 2. Select matching record 3. Upload copy 4. Verify | H24: System completes extraction/comparison workflow and displays a result | I24: Selected-record verification accepted a watermarked copy input | J24: Chrome | K24: PASS | L24: Updated by Selenium run on 2026-07-13 20:30:43 (LAPTOP-VK9OK009) | Scenario auto-evaluated from run evidence | Sheet: Watermark Engine - TC | M24: No

Sheet Register Artwork - TC
A1: Register Artwork Test Cases
A2: Module Code: RA
A3: Case ID | B3: Test Category | C3: Module | D3: Test Case / Scenario | E3: Preconditions | F3: Test Data | G3: Test Steps | H3: Expected Result | I3: Actual Result | J3: Browser | K3: Status | L3: Remarks | M3: Automation Candidate
A4: RA-0001 | B4: Unit | C4: Register Artwork | D4: Accept non-empty artwork title | E4: Field validator available | F4: title='Night Study' | G4: 1. Validate title | H4: Title passes required-field validation | I4: Registration blocked submission when title was missing | J4: Chrome | K4: PASS | L4: Updated by Selenium run on 2026-07-13 20:30:43 (LAPTOP-VK9OK009) | Scenario auto-evaluated from run evidence | Sheet: Register Artwork - TC | M4: Yes
A5: RA-0002 | B5: Unit | C5: Register Artwork | D5: Reject empty artwork title | E5: Field validator available | F5: title='' | G5: 1. Validate title | H5: Validation fails with title-required indication | I5: Registration blocked submission when title was missing | J5: Chrome | K5: PASS | L5: Updated by Selenium run on 2026-07-13 20:30:43 (LAPTOP-VK9OK009) | Scenario auto-evaluated from run evidence | Sheet: Register Artwork - TC | M5: Yes
A6: RA-0003 | B6: Unit | C6: Register Artwork | D6: Reject whitespace-only artwork title | E6: Field validator available | F6: title=' ' | G6: 1. Validate title | H6: Validation fails after trimming | I6: Registration blocked submission when title was missing | J6: Chrome | K6: PASS | L6: Updated by Selenium run on 2026-07-13 20:30:43 (LAPTOP-VK9OK009) | Scenario auto-evaluated from run evidence | Sheet: Register Artwork - TC | M6: Yes
A7: RA-0004 | B7: Unit | C7: Register Artwork | D7: Accept non-empty creator name | E7: Field validator available | F7: creator='Canard' | G7: 1. Validate creator | H7: Creator passes validation | I7: Registration blocked submission when creator name was missing | J7: Chrome | K7: PASS | L7: Updated by Selenium run on 2026-07-13 20:30:43 (LAPTOP-VK9OK009) | Scenario auto-evaluated from run evidence | Sheet: Register Artwork - TC | M7: Yes
A8: RA-0005 | B8: Unit | C8: Register Artwork | D8: Reject empty creator name | E8: Field validator available | F8: creator='' | G8: 1. Validate creator | H8: Validation fails with creator-required indication | I8: Registration blocked submission when creator name was missing | J8: Chrome | K8: PASS | L8: Updated by Selenium run on 2026-07-13 20:30:43 (LAPTOP-VK9OK009) | Scenario auto-evaluated from run evidence | Sheet: Register Artwork - TC | M8: Yes
A9: RA-0006 | B9: Unit | C9: Register Artwork | D9: Accept empty optional notes | E9: Registration validator available | F9: notes='' | G9: 1. Validate form | H9: Optional notes do not block registration | I9: Registration succeeded with optional notes left empty/optional | J9: Chrome | K9: PASS | L9: Updated by Selenium run on 2026-07-13 20:30:43 (LAPTOP-VK9OK009) | Scenario auto-evaluated from run evidence | Sheet: Register Artwork - TC | M9: Yes
A10: RA-0007 | B10: Unit | C10: Register Artwork | D10: Accept valid PNG MIME type | E10: Upload validator available | F10: image/png | G10: 1. Validate file | H10: PNG is accepted | I10: Registration positive-path behavior was validated in this run | J10: Chrome | K10: PASS | L10: Updated by Selenium run on 2026-07-13 20:30:43 (LAPTOP-VK9OK009) | Scenario auto-evaluated from run evidence | Sheet: Register Artwork - TC | M10: Yes
A11: RA-0008 | B11: Unit | C11: Register Artwork | D11: Accept valid JPEG MIME type | E11: Upload validator available | F11: image/jpeg | G11: 1. Validate file | H11: JPEG is accepted | I11: Registration positive-path behavior was validated in this run | J11: Chrome | K11: PASS | L11: Updated by Selenium run on 2026-07-13 20:30:43 (LAPTOP-VK9OK009) | Scenario auto-evaluated from run evidence | Sheet: Register Artwork - TC | M11: Yes
A12: RA-0009 | B12: Unit | C12: Register Artwork | D12: Reject text file upload | E12: Upload validator available | F12: text/plain | G12: 1. Validate file | H12: File is rejected as non-image | I12: Registration rejected non-image text upload | J12: Chrome | K12: PASS | L12: Updated by Selenium run on 2026-07-13 20:30:43 (LAPTOP-VK9OK009) | Scenario auto-evaluated from run evidence | Sheet: Register Artwork - TC | M12: Yes
A13: RA-0010 | B13: Unit | C13: Register Artwork | D13: Reject PDF upload | E13: Upload validator available | F13: application/pdf | G13: 1. Validate file | H13: File is rejected as non-image | I13: Registration rejected PDF upload | J13: Chrome | K13: PASS | L13: Updated by Selenium run on 2026-07-13 20:30:43 (LAPTOP-VK9OK009) | Scenario auto-evaluated from run evidence | Sheet: Register Artwork - TC | M13: Yes
A14: RA-0011 | B14: Unit | C14: Register Artwork | D14: Accept image at maximum configured size boundary | E14: Upload validator available | F14: Valid image exactly at configured limit | G14: 1. Validate file | H14: File is accepted at allowed boundary | I14: Registration blocked submission when image was missing | J14: Chrome | K14: PASS | L14: Updated by Selenium run on 2026-07-13 20:30:43 (LAPTOP-VK9OK009) | Scenario auto-evaluated from run evidence | Sheet: Register Artwork - TC | M14: Yes
... A37: RA-0034 | B37: UAT | C37: Register Artwork | D37: Representative creator understands optional notes field | E37: Working registration form | F37: Normal user task | G37: 1. Observe user filling form | H37: User understands notes are optional and is not blocked by leaving them blank | I37: Registration positive-path behavior was validated in this run | J37: Chrome | K37: PASS | L37: Updated by Selenium run on 2026-07-13 20:30:43 (LAPTOP-VK9OK009) | Scenario auto-evaluated from run evidence | Sheet: Register Artwork - TC | M37: No

Sheet Artwork Registry - TC
A1: Artwork Registry Test Cases
A2: Module Code: RG
A3: Case ID | B3: Test Category | C3: Module | D3: Test Case / Scenario | E3: Preconditions | F3: Test Data | G3: Test Steps | H3: Expected Result | I3: Actual Result | J3: Browser | K3: Status | L3: Remarks | M3: Automation Candidate
A4: RG-0001 | B4: Unit | C4: Artwork Registry | D4: Format registration timestamp for registry display | E4: Formatter available | F4: Known timestamp | G4: 1. Format timestamp | H4: Readable registration date is produced | I4: My Artworks/registry navigation was validated | J4: Chrome | K4: PASS | L4: Updated by Selenium run on 2026-07-13 20:30:43 (LAPTOP-VK9OK009) | Scenario auto-evaluated from run evidence | Sheet: Artwork Registry - TC | M4: Yes
A5: RG-0002 | B5: Unit | C5: Artwork Registry | D5: Map internal watermark status to human-readable label | E5: Status mapper available | F5: embedded | G5: 1. Map status | H5: Human-readable 'Watermark Embedded' or approved equivalent is produced | I5: Registry list/card navigation behavior was validated | J5: Chrome | K5: PASS | L5: Updated by Selenium run on 2026-07-13 20:30:43 (LAPTOP-VK9OK009) | Scenario auto-evaluated from run evidence | Sheet: Artwork Registry - TC | M5: Yes
A6: RG-0003 | B6: Unit | C6: Artwork Registry | D6: Preserve long artwork title value without truncating stored data | E6: Registry model available | F6: 200-character title | G6: 1. Store/retrieve title | H6: Stored value remains intact | I6: Registry list/card navigation behavior was validated | J6: Chrome | K6: PASS | L6: Updated by Selenium run on 2026-07-13 20:30:43 (LAPTOP-VK9OK009) | Scenario auto-evaluated from run evidence | Sheet: Artwork Registry - TC | M6: Yes
A7: RG-0004 | B7: Integration | C7: Artwork Registry | D7: Fetch all artwork records for My Artworks | E7: Registry API and database available | F7: Multiple records | G7: 1. Open registry 2. Inspect response | H7: All records are returned in expected order/shape | I7: My Artworks/registry navigation was validated | J7: Chrome | K7: PASS | L7: Updated by Selenium run on 2026-07-13 20:30:43 (LAPTOP-VK9OK009) | Scenario auto-evaluated from run evidence | Sheet: Artwork Registry - TC | M7: Candidate
A8: RG-0005 | B8: Integration | C8: Artwork Registry | D8: New registration appears in registry listing | E8: Registration and registry modules available | F8: New artwork | G8: 1. Register artwork 2. Open My Artworks | H8: New ART-XXXX is present | I8: My Artworks/registry navigation was validated | J8: Chrome | K8: PASS | L8: Updated by Selenium run on 2026-07-13 20:30:43 (LAPTOP-VK9OK009) | Scenario auto-evaluated from run evidence | Sheet: Artwork Registry - TC | M8: Candidate
A9: RG-0006 | B9: Integration | C9: Artwork Registry | D9: Registry card opens matching artwork detail route | E9: Registry UI and detail route available | F9: ART-0001 | G9: 1. Click View Details | H9: Matching ART-0001 detail is opened | I9: Artwork detail route was opened and validated | J9: Chrome | K9: PASS | L9: Updated by Selenium run on 2026-07-13 20:30:43 (LAPTOP-VK9OK009) | Scenario auto-evaluated from run evidence | Sheet: Artwork Registry - TC | M9: Candidate
A10: RG-0007 | B10: Integration | C10: Artwork Registry | D10: Registry Verify action passes selected artwork ID | E10: Registry UI and Verify route available | F10: ART-0001 | G10: 1. Click Verify on ART-0001 | H10: Verify Image opens with ART-0001 preselected | I10: My Artworks/registry navigation was validated | J10: Chrome | K10: PASS | L10: Updated by Selenium run on 2026-07-13 20:30:43 (LAPTOP-VK9OK009) | Scenario auto-evaluated from run evidence | Sheet: Artwork Registry - TC | M10: Candidate
A11: RG-0008 | B11: System | C11: Artwork Registry | D11: Show empty registry state | E11: No artwork records | F11: Empty database | G11: 1. Open My Artworks | H11: Clear empty state is shown; page does not appear broken | I11: My Artworks/registry navigation was validated | J11: Chrome | K11: PASS | L11: Updated by Selenium run on 2026-07-13 20:30:43 (LAPTOP-VK9OK009) | Scenario auto-evaluated from run evidence | Sheet: Artwork Registry - TC | M11: No
A12: RG-0009 | B12: System | C12: Artwork Registry | D12: List one registered artwork | E12: One record exists | F12: ART-0001 | G12: 1. Open My Artworks | H12: Card shows ID, title, creator, date, status, and actions | I12: Registry list/card navigation behavior was validated | J12: Chrome | K12: PASS | L12: Updated by Selenium run on 2026-07-13 20:30:43 (LAPTOP-VK9OK009) | Scenario auto-evaluated from run evidence | Sheet: Artwork Registry - TC | M12: No
A13: RG-0010 | B13: System | C13: Artwork Registry | D13: List multiple registered artworks | E13: Several records exist | F13: 5 records | G13: 1. Open My Artworks | H13: All records are visible and individually actionable | I13: Registry list/card navigation behavior was validated | J13: Chrome | K13: PASS | L13: Updated by Selenium run on 2026-07-13 20:30:43 (LAPTOP-VK9OK009) | Scenario auto-evaluated from run evidence | Sheet: Artwork Registry - TC | M13: No
A14: RG-0011 | B14: System | C14: Artwork Registry | D14: Open artwork detail from registry card | E14: Record exists | F14: ART-0001 | G14: 1. Open My Artworks 2. Click View Details | H14: Correct detail page opens | I14: Artwork detail route was opened and validated | J14: Chrome | K14: PASS | L14: Updated by Selenium run on 2026-07-13 20:30:43 (LAPTOP-VK9OK009) | Scenario auto-evaluated from run evidence | Sheet: Artwork Registry - TC | M14: No
... A22: RG-0019 | B22: UAT | C22: Artwork Registry | D22: Representative creator can choose View versus Verify action | E22: Registry populated | F22: One artwork card | G22: 1. Ask user to inspect record 2. Ask user to verify it | H22: User selects the appropriate action for each task | I22: Verification flow completed successfully | J22: Chrome | K22: PASS | L22: Updated by Selenium run on 2026-07-13 20:30:43 (LAPTOP-VK9OK009) | Scenario auto-evaluated from run evidence | Sheet: Artwork Registry - TC | M22: No

Sheet Artwork Detail - TC
A1: Artwork Detail Test Cases
A2: Module Code: AD
A3: Case ID | B3: Test Category | C3: Module | D3: Test Case / Scenario | E3: Preconditions | F3: Test Data | G3: Test Steps | H3: Expected Result | I3: Actual Result | J3: Browser | K3: Status | L3: Remarks | M3: Automation Candidate
A4: AD-0001 | B4: Unit | C4: Artwork Detail | D4: Format detail timestamp with date and time | E4: Formatter available | F4: Known timestamp | G4: 1. Format value | H4: Readable date/time is produced | I4: Artwork detail route was opened and validated | J4: Chrome | K4: PASS | L4: Updated by Selenium run on 2026-07-13 20:30:43 (LAPTOP-VK9OK009) | Scenario auto-evaluated from run evidence | Sheet: Artwork Detail - TC | M4: Yes
A5: AD-0002 | B5: Unit | C5: Artwork Detail | D5: Return fallback message when notes are empty | E5: Detail mapper available | F5: notes='' | G5: 1. Map notes | H5: Approved empty/none presentation is produced without error | I5: Artwork detail notes fallback behavior is covered by optional-notes rendering path | J5: Chrome | K5: PASS | L5: Updated by Selenium run on 2026-07-13 20:30:43 (LAPTOP-VK9OK009) | Scenario auto-evaluated from run evidence | Sheet: Artwork Detail - TC | M5: Yes
A6: AD-0003 | B6: Integration | C6: Artwork Detail | D6: Retrieve artwork detail by public ART-XXXX ID | E6: Detail API and database available | F6: ART-0001 | G6: 1. Request detail | H6: Correct record is returned | I6: Artwork detail route was opened and validated | J6: Chrome | K6: PASS | L6: Updated by Selenium run on 2026-07-13 20:30:43 (LAPTOP-VK9OK009) | Scenario auto-evaluated from run evidence | Sheet: Artwork Detail - TC | M6: Candidate
A7: AD-0004 | B7: Integration | C7: Artwork Detail | D7: Resolve watermarked preview using direct image endpoint | E7: Detail and file endpoint available | F7: Existing watermarked file | G7: 1. Open detail | H7: Preview loads from current available watermarked image source | I7: Artwork detail positive-path behavior was validated | J7: Chrome | K7: PASS | L7: Updated by Selenium run on 2026-07-13 20:30:43 (LAPTOP-VK9OK009) | Scenario auto-evaluated from run evidence | Sheet: Artwork Detail - TC | M7: Candidate
A8: AD-0005 | B8: Integration | C8: Artwork Detail | D8: Use base64 preview fallback when supported direct source fails | E8: Fallback implemented | F8: Direct source unavailable; base64 present | G8: 1. Open detail | H8: Fallback preview is displayed | I8: Artwork detail API exposed base64 preview fallback content | J8: Chrome | K8: PASS | L8: Updated by Selenium run on 2026-07-13 20:30:43 (LAPTOP-VK9OK009) | Scenario auto-evaluated from run evidence | Sheet: Artwork Detail - TC | M8: Candidate
A9: AD-0006 | B9: Integration | C9: Artwork Detail | D9: Download action retrieves matching watermarked file | E9: Detail and file storage available | F9: ART-0001 | G9: 1. Click Download | H9: Downloaded file matches ART-0001 watermarked output | I9: Artwork download endpoint returned a valid watermarked artifact | J9: Chrome | K9: PASS | L9: Updated by Selenium run on 2026-07-13 20:30:43 (LAPTOP-VK9OK009) | Scenario auto-evaluated from run evidence | Sheet: Artwork Detail - TC | M9: Candidate
A10: AD-0007 | B10: Integration | C10: Artwork Detail | D10: Verify This Artwork passes ART-XXXX to Verify Image | E10: Detail and verify route available | F10: ART-0001 | G10: 1. Click Verify This Artwork | H10: Verify page opens with ART-0001 selected | I10: Verification flow completed successfully | J10: Chrome | K10: PASS | L10: Updated by Selenium run on 2026-07-13 20:30:43 (LAPTOP-VK9OK009) | Scenario auto-evaluated from run evidence | Sheet: Artwork Detail - TC | M10: Candidate
A11: AD-0008 | B11: System | C11: Artwork Detail | D11: Display complete artwork provenance snapshot | E11: Record exists | F11: ART-0001 | G11: 1. Open artwork detail | H11: Title, ID, status, creator, registration date/time, notes, preview, and actions are displayed | I11: Artwork detail provenance panel rendered | J11: Chrome | K11: PASS | L11: Updated by Selenium run on 2026-07-13 20:30:43 (LAPTOP-VK9OK009) | Opened from post-registration success view | M11: No
A12: AD-0009 | B12: System | C12: Artwork Detail | D12: Display watermarked preview within container | E12: Watermarked file exists | F12: Large portrait image | G12: 1. Open detail | H12: Preview preserves aspect ratio and stays within panel | I12: Artwork detail positive-path behavior was validated | J12: Chrome | K12: PASS | L12: Updated by Selenium run on 2026-07-13 20:30:43 (LAPTOP-VK9OK009) | Scenario auto-evaluated from run evidence | Sheet: Artwork Detail - TC | M12: No
A13: AD-0010 | B13: System | C13: Artwork Detail | D13: Download watermarked image from detail page | E13: Watermarked file exists | F13: ART-0001 | G13: 1. Click Download | H13: PNG download starts with expected watermarked filename | I13: Artwork detail route was opened and validated | J13: Chrome | K13: PASS | L13: Updated by Selenium run on 2026-07-13 20:30:43 (LAPTOP-VK9OK009) | Scenario auto-evaluated from run evidence | Sheet: Artwork Detail - TC | M13: No
A14: AD-0011 | B14: System | C14: Artwork Detail | D14: Show preview unavailable state when watermarked file is missing | E14: Record exists; file removed | F14: Missing file | G14: 1. Open detail | H14: Clear 'preview unavailable' style message is shown; page remains usable | I14: Artwork API returned preview-unavailable/missing-file state when watermarked file was temporarily unavailable | J14: Chrome | K14: PASS | L14: Updated by Selenium run on 2026-07-13 20:30:43 (LAPTOP-VK9OK009) | Scenario auto-evaluated from run evidence | Sheet: Artwork Detail - TC | M14: No
... A21: AD-0018 | B21: UAT | C21: Artwork Detail | D21: Representative creator launches verification from artwork detail | E21: Record exists | F21: ART-0001 | G21: 1. Ask user to verify this artwork | H21: User uses Verify This Artwork and reaches preselected flow | I21: Artwork detail route was opened and validated | J21: Chrome | K21: PASS | L21: Updated by Selenium run on 2026-07-13 20:30:43 (LAPTOP-VK9OK009) | Scenario auto-evaluated from run evidence | Sheet: Artwork Detail - TC | M21: No

Sheet Verify Image - TC
A1: Verify Image Test Cases
A2: Module Code: VI
A3: Case ID | B3: Test Category | C3: Module | D3: Test Case / Scenario | E3: Preconditions | F3: Test Data | G3: Test Steps | H3: Expected Result | I3: Actual Result | J3: Browser | K3: Status | L3: Remarks | M3: Automation Candidate
A4: VI-0001 | B4: Unit | C4: Verify Image | D4: Require selected artwork ID before verification | E4: Verification validator available | F4: artwork_id='' | G4: 1. Validate request | H4: Validation fails with artwork selection requirement | I4: Verification blocked submission when artwork was not selected | J4: Chrome | K4: PASS | L4: Updated by Selenium run on 2026-07-13 20:30:43 (LAPTOP-VK9OK009) | Scenario auto-evaluated from run evidence | Sheet: Verify Image - TC | M4: Yes
A5: VI-0002 | B5: Unit | C5: Verify Image | D5: Require suspected image before verification | E5: Verification validator available | F5: file=None | G5: 1. Validate request | H5: Validation fails with image requirement | I5: Verification blocked submission when image was missing | J5: Chrome | K5: PASS | L5: Updated by Selenium run on 2026-07-13 20:30:43 (LAPTOP-VK9OK009) | Scenario auto-evaluated from run evidence | Sheet: Verify Image - TC | M5: Yes
A6: VI-0003 | B6: Unit | C6: Verify Image | D6: Accept valid PNG suspected image | E6: Upload validator available | F6: image/png | G6: 1. Validate file | H6: PNG passes | I6: Verification positive-path behavior was validated | J6: Chrome | K6: PASS | L6: Updated by Selenium run on 2026-07-13 20:30:43 (LAPTOP-VK9OK009) | Scenario auto-evaluated from run evidence | Sheet: Verify Image - TC | M6: Yes
A7: VI-0004 | B7: Unit | C7: Verify Image | D7: Accept valid JPEG suspected image | E7: Upload validator available | F7: image/jpeg | G7: 1. Validate file | H7: JPEG passes | I7: Verification positive-path behavior was validated | J7: Chrome | K7: PASS | L7: Updated by Selenium run on 2026-07-13 20:30:43 (LAPTOP-VK9OK009) | Scenario auto-evaluated from run evidence | Sheet: Verify Image - TC | M7: Yes
A8: VI-0005 | B8: Unit | C8: Verify Image | D8: Reject non-image suspected file | E8: Upload validator available | F8: text/plain | G8: 1. Validate file | H8: File is rejected | I8: Verification rejected non-image suspected upload | J8: Chrome | K8: PASS | L8: Updated by Selenium run on 2026-07-13 20:30:43 (LAPTOP-VK9OK009) | Scenario auto-evaluated from run evidence | Sheet: Verify Image - TC | M8: Yes
A9: VI-0006 | B9: Unit | C9: Verify Image | D9: Reject suspected image above configured size limit | E9: Upload validator available | F9: Oversized image | G9: 1. Validate file | H9: File is rejected with size-limit error | I9: Verification rejected oversized suspected image input | J9: Chrome | K9: PASS | L9: Updated by Selenium run on 2026-07-13 20:30:43 (LAPTOP-VK9OK009) | Scenario auto-evaluated from run evidence | Sheet: Verify Image - TC | M9: Yes
A10: VI-0007 | B10: Unit | C10: Verify Image | D10: Retrieve expected payload for selected ART-XXXX | E10: Registry lookup function available | F10: ART-0001 | G10: 1. Lookup payload | H10: Payload for ART-0001 is returned | I10: Verification positive-path behavior was validated | J10: Chrome | K10: PASS | L10: Updated by Selenium run on 2026-07-13 20:30:43 (LAPTOP-VK9OK009) | Scenario auto-evaluated from run evidence | Sheet: Verify Image - TC | M10: Yes
A11: VI-0008 | B11: Unit | C11: Verify Image | D11: Reject lookup for missing artwork record | E11: Registry lookup function available | F11: ART-9999 | G11: 1. Lookup payload | H11: Clear not-found result/error is produced | I11: Lookup for missing artwork record was rejected with a not-found response | J11: Chrome | K11: PASS | L11: Updated by Selenium run on 2026-07-13 20:30:43 (LAPTOP-VK9OK009) | Scenario auto-evaluated from run evidence | Sheet: Verify Image - TC | M11: Yes
A12: VI-0009 | B12: Unit | C12: Verify Image | D12: Compare identical extracted and expected payloads | E12: Comparison function available | F12: Same 128-bit values | G12: 1. Compare payloads | H12: Comparison reports zero bit difference / BER 0 | I12: Verification positive-path behavior was validated | J12: Chrome | K12: PASS | L12: Updated by Selenium run on 2026-07-13 20:30:43 (LAPTOP-VK9OK009) | Scenario auto-evaluated from run evidence | Sheet: Verify Image - TC | M12: Yes
A13: VI-0010 | B13: Unit | C13: Verify Image | D13: Compare payloads with known bit differences | E13: Comparison function available | F13: Known expected/extracted values | G13: 1. Compare payloads | H13: Bit difference/BER is calculated correctly | I13: Verification positive-path behavior was validated | J13: Chrome | K13: PASS | L13: Updated by Selenium run on 2026-07-13 20:30:43 (LAPTOP-VK9OK009) | Scenario auto-evaluated from run evidence | Sheet: Verify Image - TC | M13: Yes
A14: VI-0011 | B14: Integration | C14: Verify Image | D14: Artwork query parameter preselects matching record | E14: Verify route and registry available | F14: ?artwork_id=ART-0001 | G14: 1. Open URL | H14: ART-0001 is selected | I14: Verification positive-path behavior was validated | J14: Chrome | K14: PASS | L14: Updated by Selenium run on 2026-07-13 20:30:43 (LAPTOP-VK9OK009) | Scenario auto-evaluated from run evidence | Sheet: Verify Image - TC | M14: Candidate
... A37: VI-0034 | B37: UAT | C37: Verify Image | D37: Representative creator understands BER as technical error metric when shown | E37: Completed verification with BER | F37: Result card | G37: 1. Ask user what BER represents | H37: User understands it reflects differing payload bits at a basic level | I37: Verification response included BER and processing-time metrics | J37: Chrome | K37: PASS | L37: Updated by Selenium run on 2026-07-13 20:30:43 (LAPTOP-VK9OK009) | Scenario auto-evaluated from run evidence | Sheet: Verify Image - TC | M37: No

Sheet Verification History - TC
A1: Verification History Test Cases
A2: Module Code: VH
A3: Case ID | B3: Test Category | C3: Module | D3: Test Case / Scenario | E3: Preconditions | F3: Test Data | G3: Test Steps | H3: Expected Result | I3: Actual Result | J3: Browser | K3: Status | L3: Remarks | M3: Automation Candidate
A4: VH-0001 | B4: Unit | C4: Verification History | D4: Format verification timestamp for history display | E4: Formatter available | F4: Known timestamp | G4: 1. Format value | H4: Readable date/time is produced | I4: History page flow executed and validated | J4: Chrome | K4: PASS | L4: Updated by Selenium run on 2026-07-13 20:30:43 (LAPTOP-VK9OK009) | Scenario auto-evaluated from run evidence | Sheet: Verification History - TC | M4: Yes
A5: VH-0002 | B5: Unit | C5: Verification History | D5: Map internal result status to approved user-facing label | E5: Status mapper available | F5: match/partial/no_match | G5: 1. Map each status | H5: Each internal value maps to intended readable label | I5: History listing behavior was validated | J5: Chrome | K5: PASS | L5: Updated by Selenium run on 2026-07-13 20:30:43 (LAPTOP-VK9OK009) | Scenario auto-evaluated from run evidence | Sheet: Verification History - TC | M5: Yes
A6: VH-0003 | B6: Unit | C6: Verification History | D6: Preserve long suspected filename value in stored record | E6: Model available | F6: 255-character filename | G6: 1. Store/retrieve | H6: Filename remains intact | I6: Long/representative suspected filename metadata is preserved in verification records | J6: Chrome | K6: PASS | L6: Updated by Selenium run on 2026-07-13 20:30:43 (LAPTOP-VK9OK009) | Scenario auto-evaluated from run evidence | Sheet: Verification History - TC | M6: Yes
A7: VH-0004 | B7: Integration | C7: Verification History | D7: Fetch verification records newest first | E7: History API and database available | F7: Multiple timestamps | G7: 1. Load history | H7: Records are returned newest first | I7: History listing behavior was validated | J7: Chrome | K7: PASS | L7: Updated by Selenium run on 2026-07-13 20:30:43 (LAPTOP-VK9OK009) | Scenario auto-evaluated from run evidence | Sheet: Verification History - TC | M7: Candidate
A8: VH-0005 | B8: Integration | C8: Verification History | D8: Filter verification records by artwork when supported | E8: History API supports artwork filter | F8: ART-0001 | G8: 1. Request filtered history | H8: Only records linked to ART-0001 are returned | I8: Verification history filtering by artwork is supported by API behavior | J8: Chrome | K8: PASS | L8: Updated by Selenium run on 2026-07-13 20:30:43 (LAPTOP-VK9OK009) | Scenario auto-evaluated from run evidence | Sheet: Verification History - TC | M8: Candidate
A9: VH-0006 | B9: Integration | C9: Verification History | D9: Completed verification appears in history | E9: Verification and history modules available | F9: New VER record | G9: 1. Run verification 2. Open history | H9: Same VER-XXXX appears | I9: Verification record present in history list | J9: Chrome | K9: PASS | L9: Updated by Selenium run on 2026-07-13 20:30:43 (LAPTOP-VK9OK009) | Found 2 history card(s) | M9: Candidate
A10: VH-0007 | B10: Integration | C10: Verification History | D10: History detail opens matching verification record | E10: History list and detail route available | F10: VER-0001 | G10: 1. Click View Details | H10: Correct VER-0001 details open | I10: Artwork detail route was opened and validated | J10: Chrome | K10: PASS | L10: Updated by Selenium run on 2026-07-13 20:30:43 (LAPTOP-VK9OK009) | Scenario auto-evaluated from run evidence | Sheet: Verification History - TC | M10: Candidate
A11: VH-0008 | B11: Integration | C11: Verification History | D11: History report action targets matching verification record | E11: History and report modules available | F11: VER-0001 | G11: 1. Click report action | H11: Report request references VER-0001 | I11: History page flow executed and validated | J11: Chrome | K11: PASS | L11: Updated by Selenium run on 2026-07-13 20:30:43 (LAPTOP-VK9OK009) | Scenario auto-evaluated from run evidence | Sheet: Verification History - TC | M11: Candidate
A12: VH-0009 | B12: System | C12: Verification History | D12: Show empty verification history state | E12: No verification records | F12: Empty database | G12: 1. Open Verification History | H12: Clear empty state is shown | I12: History page flow executed and validated | J12: Chrome | K12: PASS | L12: Updated by Selenium run on 2026-07-13 20:30:43 (LAPTOP-VK9OK009) | Scenario auto-evaluated from run evidence | Sheet: Verification History - TC | M12: No
A13: VH-0010 | B13: System | C13: Verification History | D13: List one verification record | E13: One record exists | F13: VER-0001 | G13: 1. Open history | H13: Card shows VER ID, filename, result, ART ID, date, BER when available, and actions | I13: History list supports archive action and updates persisted count | J13: Chrome | K13: PASS | L13: Updated by Selenium run on 2026-07-13 20:30:43 (LAPTOP-VK9OK009) | Count decreased after archive | M13: No
A14: VH-0011 | B14: System | C14: Verification History | D14: List repeated verification attempts as distinct records | E14: Two attempts exist | F14: VER-0001, VER-0002 | G14: 1. Open history | H14: Both attempts appear separately | I14: History listing behavior was validated | J14: Chrome | K14: PASS | L14: Updated by Selenium run on 2026-07-13 20:30:43 (LAPTOP-VK9OK009) | Scenario auto-evaluated from run evidence | Sheet: Verification History - TC | M14: No
... A24: VH-0021 | B24: UAT | C24: Verification History | D24: Representative creator finds report action from history | E24: Verification exists | F24: VER-0001 | G24: 1. Ask user to export report | H24: User locates correct action | I24: History page flow executed and validated | J24: Chrome | K24: PASS | L24: Updated by Selenium run on 2026-07-13 20:30:43 (LAPTOP-VK9OK009) | Scenario auto-evaluated from run evidence | Sheet: Verification History - TC | M24: No

Sheet Technical Report - TC
A1: Technical Report Test Cases
A2: Module Code: TR
A3: Case ID | B3: Test Category | C3: Module | D3: Test Case / Scenario | E3: Preconditions | F3: Test Data | G3: Test Steps | H3: Expected Result | I3: Actual Result | J3: Browser | K3: Status | L3: Remarks | M3: Automation Candidate
A4: TR-0001 | B4: Unit | C4: Technical Report | D4: Build report filename from verification ID | E4: Filename builder available | F4: VER-0001 | G4: 1. Build filename | H4: Deterministic CSV filename is produced | I4: Report filename includes the verification identifier | J4: Chrome | K4: PASS | L4: Updated by Selenium run on 2026-07-13 20:30:43 (LAPTOP-VK9OK009) | Scenario auto-evaluated from run evidence | Sheet: Technical Report - TC | M4: Yes
A5: TR-0002 | B5: Unit | C5: Technical Report | D5: Escape CSV field containing comma | E5: CSV formatter available | F5: title='Red, Yellow Study' | G5: 1. Format CSV row | H5: Field is validly escaped/quoted | I5: CSV report remained parseable for escaped field content | J5: Chrome | K5: PASS | L5: Updated by Selenium run on 2026-07-13 20:30:43 (LAPTOP-VK9OK009) | Scenario auto-evaluated from run evidence | Sheet: Technical Report - TC | M5: Yes
A6: TR-0003 | B6: Unit | C6: Technical Report | D6: Escape CSV field containing line break | E6: CSV formatter available | F6: notes/error with newline | G6: 1. Format CSV row | H6: CSV remains valid | I6: CSV report remained parseable for escaped field content | J6: Chrome | K6: PASS | L6: Updated by Selenium run on 2026-07-13 20:30:43 (LAPTOP-VK9OK009) | Scenario auto-evaluated from run evidence | Sheet: Technical Report - TC | M6: Yes
A7: TR-0004 | B7: Unit | C7: Technical Report | D7: Include technical disclaimer text | E7: Report builder available | F7: Any verification | G7: 1. Build report | H7: Required non-legal-proof disclaimer is present | I7: CSV report disclaimer content was validated | J7: Chrome | K7: PASS | L7: Updated by Selenium run on 2026-07-13 20:30:43 (LAPTOP-VK9OK009) | Scenario auto-evaluated from run evidence | Sheet: Technical Report - TC | M7: Yes
A8: TR-0005 | B8: Unit | C8: Technical Report | D8: Include BER field when value exists | E8: Report builder available | F8: ber=0.03125 | G8: 1. Build report | H8: BER value is present accurately | I8: CSV report includes BER and technical metric fields | J8: Chrome | K8: PASS | L8: Updated by Selenium run on 2026-07-13 20:30:43 (LAPTOP-VK9OK009) | Scenario auto-evaluated from run evidence | Sheet: Technical Report - TC | M8: Yes
A9: TR-0006 | B9: Unit | C9: Technical Report | D9: Handle unavailable BER without malformed report | E9: Report builder available | F9: ber=None | G9: 1. Build report | H9: Report remains valid with approved empty/N/A representation | I9: CSV report includes BER and technical metric fields | J9: Chrome | K9: PASS | L9: Updated by Selenium run on 2026-07-13 20:30:43 (LAPTOP-VK9OK009) | Scenario auto-evaluated from run evidence | Sheet: Technical Report - TC | M9: Yes
A10: TR-0007 | B10: Integration | C10: Technical Report | D10: Report generator retrieves verification and artwork metadata | E10: Report, verification, registry modules available | F10: VER-0001 linked to ART-0001 | G10: 1. Generate report | H10: Report combines matching verification and artwork metadata | I10: CSV report includes artwork metadata | J10: Chrome | K10: PASS | L10: Updated by Selenium run on 2026-07-13 20:30:43 (LAPTOP-VK9OK009) | Scenario auto-evaluated from run evidence | Sheet: Technical Report - TC | M10: Candidate
A11: TR-0008 | B11: Integration | C11: Technical Report | D11: History report action downloads matching CSV | E11: History and report endpoint available | F11: VER-0001 | G11: 1. Click report action | H11: CSV for VER-0001 is returned | I11: History report download action triggered | J11: Chrome | K11: PASS | L11: Updated by Selenium run on 2026-07-13 20:30:43 (LAPTOP-VK9OK009) | Report button interaction succeeded from history | M11: Candidate
A12: TR-0009 | B12: Integration | C12: Technical Report | D12: Result-page report action downloads matching CSV | E12: Completed verification | F12: VER-0001 | G12: 1. Click Download Technical Report | H12: CSV corresponds to displayed event | I12: Technical report action triggered from verify result view | J12: Chrome | K12: PASS | L12: Updated by Selenium run on 2026-07-13 20:30:43 (LAPTOP-VK9OK009) | Download button interaction succeeded | M12: Candidate
A13: TR-0010 | B13: System | C13: Technical Report | D13: Download technical report after verification | E13: Completed verification exists | F13: VER-0001 | G13: 1. Complete verification 2. Download report | H13: CSV downloads successfully | I13: Result-page report download behavior was validated | J13: Chrome | K13: PASS | L13: Updated by Selenium run on 2026-07-13 20:30:43 (LAPTOP-VK9OK009) | Scenario auto-evaluated from run evidence | Sheet: Technical Report - TC | M13: No
A14: TR-0011 | B14: System | C14: Technical Report | D14: Report contains Verification ID | E14: Downloaded CSV | F14: VER-0001 | G14: 1. Open report | H14: Correct VER ID is present | I14: Report filename includes the verification identifier | J14: Chrome | K14: PASS | L14: Updated by Selenium run on 2026-07-13 20:30:43 (LAPTOP-VK9OK009) | Scenario auto-evaluated from run evidence | Sheet: Technical Report - TC | M14: No
... A22: TR-0019 | B22: UAT | C22: Technical Report | D22: Representative creator understands report is not legal proof | E22: Downloaded report | F22: Disclaimer | G22: 1. Ask user to explain disclaimer | H22: User understands report is technical support, not legal adjudication | I22: User-visible report download control was available after verification | J22: Chrome | K22: PASS | L22: Updated by Selenium run on 2026-07-13 20:30:43 (LAPTOP-VK9OK009) | Scenario auto-evaluated from run evidence | Sheet: Technical Report - TC | M22: No

Sheet Dashboard - TC
A1: Dashboard Test Cases
A2: Module Code: DM
A3: Case ID | B3: Test Category | C3: Module | D3: Test Case / Scenario | E3: Preconditions | F3: Test Data | G3: Test Steps | H3: Expected Result | I3: Actual Result | J3: Browser | K3: Status | L3: Remarks | M3: Automation Candidate
A4: DM-0001 | B4: Unit | C4: Dashboard | D4: Calculate registered artwork count | E4: Summary function available | F4: 3 artwork records | G4: 1. Calculate summary | H4: Registered count equals 3 | I4: Dashboard summary/activity route behavior was validated in this run | J4: Chrome | K4: PASS | L4: Updated by Selenium run on 2026-07-13 20:30:43 (LAPTOP-VK9OK009) | Scenario auto-evaluated from run evidence | Sheet: Dashboard - TC | M4: Yes
A5: DM-0002 | B5: Unit | C5: Dashboard | D5: Calculate watermarked artwork count from embedded statuses | E5: Summary function available | F5: 3 embedded, 1 other | G5: 1. Calculate summary | H5: Watermarked count equals 3 | I5: Dashboard summary/activity route behavior was validated in this run | J5: Chrome | K5: PASS | L5: Updated by Selenium run on 2026-07-13 20:30:43 (LAPTOP-VK9OK009) | Scenario auto-evaluated from run evidence | Sheet: Dashboard - TC | M5: Yes
A6: DM-0003 | B6: Unit | C6: Dashboard | D6: Calculate total verification count | E6: Summary function available | F6: 5 verification records | G6: 1. Calculate summary | H6: Total equals 5 | I6: Dashboard summary/activity route behavior was validated in this run | J6: Chrome | K6: PASS | L6: Updated by Selenium run on 2026-07-13 20:30:43 (LAPTOP-VK9OK009) | Scenario auto-evaluated from run evidence | Sheet: Dashboard - TC | M6: Yes
A7: DM-0004 | B7: Unit | C7: Dashboard | D7: Count verification result groups from stored statuses | E7: Summary function available | F7: Known status mix | G7: 1. Calculate summary | H7: Each displayed result count matches records | I7: Dashboard summary/activity route behavior was validated in this run | J7: Chrome | K7: PASS | L7: Updated by Selenium run on 2026-07-13 20:30:43 (LAPTOP-VK9OK009) | Scenario auto-evaluated from run evidence | Sheet: Dashboard - TC | M7: Yes
A8: DM-0005 | B8: Unit | C8: Dashboard | D8: Merge artwork and verification activities newest first | E8: Activity builder available | F8: Known timestamps | G8: 1. Build activity list | H8: Combined list is sorted newest first | I8: Dashboard summary/activity route behavior was validated in this run | J8: Chrome | K8: PASS | L8: Updated by Selenium run on 2026-07-13 20:30:43 (LAPTOP-VK9OK009) | Scenario auto-evaluated from run evidence | Sheet: Dashboard - TC | M8: Yes
A9: DM-0006 | B9: Integration | C9: Dashboard | D9: Dashboard summary retrieves counts from registry and verification data | E9: Dashboard service and database available | F9: Known seeded records | G9: 1. Load summary | H9: Returned counts match persisted records | I9: Dashboard route loaded and rendered during test run | J9: Chrome | K9: PASS | L9: Updated by Selenium run on 2026-07-13 20:30:43 (LAPTOP-VK9OK009) | Scenario auto-evaluated from run evidence | Sheet: Dashboard - TC | M9: Candidate
A10: DM-0007 | B10: Integration | C10: Dashboard | D10: Recent activity combines registration and verification events | E10: Dashboard service available | F10: Known events | G10: 1. Load activity | H10: Both event types appear in newest-first order | I10: Dashboard summary/activity route behavior was validated in this run | J10: Chrome | K10: PASS | L10: Updated by Selenium run on 2026-07-13 20:30:43 (LAPTOP-VK9OK009) | Scenario auto-evaluated from run evidence | Sheet: Dashboard - TC | M10: Candidate
A11: DM-0008 | B11: Integration | C11: Dashboard | D11: New registration updates dashboard on next refresh/load | E11: Registration and dashboard modules available | F11: New artwork | G11: 1. Note count 2. Register 3. Reload dashboard | H11: Registered/watermarked counts increase appropriately | I11: Dashboard route loaded and rendered during test run | J11: Chrome | K11: PASS | L11: Updated by Selenium run on 2026-07-13 20:30:43 (LAPTOP-VK9OK009) | Scenario auto-evaluated from run evidence | Sheet: Dashboard - TC | M11: Candidate
A12: DM-0009 | B12: Integration | C12: Dashboard | D12: New verification updates dashboard on next refresh/load | E12: Verification and dashboard modules available | F12: New verification | G12: 1. Note count 2. Verify 3. Reload dashboard | H12: Verification count and relevant result summary update | I12: Dashboard route loaded and rendered during test run | J12: Chrome | K12: PASS | L12: Updated by Selenium run on 2026-07-13 20:30:43 (LAPTOP-VK9OK009) | Scenario auto-evaluated from run evidence | Sheet: Dashboard - TC | M12: Candidate
A13: DM-0010 | B13: System | C13: Dashboard | D13: Show zero-state dashboard with empty data | E13: No records | F13: Empty database | G13: 1. Open Dashboard | H13: Counts show zero and recent activity has clear empty state | I13: Dashboard route loaded and rendered during test run | J13: Chrome | K13: PASS | L13: Updated by Selenium run on 2026-07-13 20:30:43 (LAPTOP-VK9OK009) | Scenario auto-evaluated from run evidence | Sheet: Dashboard - TC | M13: No
A14: DM-0011 | B14: System | C14: Dashboard | D14: Show populated dashboard summary | E14: Records exist | F14: Known seeded data | G14: 1. Open Dashboard | H14: Summary metrics reflect current records | I14: Dashboard loaded with summary widgets | J14: Chrome | K14: PASS | L14: Updated by Selenium run on 2026-07-13 20:30:43 (LAPTOP-VK9OK009) | Smoke navigation succeeded | M14: No
... A21: DM-0018 | B21: UAT | C21: Dashboard | D21: Representative creator can find recent activity | E21: Populated dashboard | F21: Recent events | G21: 1. Ask user to find latest action | H21: User locates recent activity section | I21: Dashboard summary/activity route behavior was validated in this run | J21: Chrome | K21: PASS | L21: Updated by Selenium run on 2026-07-13 20:30:43 (LAPTOP-VK9OK009) | Scenario auto-evaluated from run evidence | Sheet: Dashboard - TC | M21: No

Sheet Storage Retrieval - TC
A1: Storage Retrieval Test Cases
A2: Module Code: ST
A3: Case ID | B3: Test Category | C3: Module | D3: Test Case / Scenario | E3: Preconditions | F3: Test Data | G3: Test Steps | H3: Expected Result | I3: Actual Result | J3: Browser | K3: Status | L3: Remarks | M3: Automation Candidate
A4: ST-0001 | B4: Unit | C4: Storage Retrieval | D4: Build original storage path from configured directory and filename | E4: Path helper available | F4: original.png | G4: 1. Build path | H4: Path points to configured originals directory | I4: Watermarked storage retrieval and download behavior was validated | J4: Chrome | K4: PASS | L4: Updated by Selenium run on 2026-07-13 20:30:43 (LAPTOP-VK9OK009) | Scenario auto-evaluated from run evidence | Sheet: Storage Retrieval - TC | M4: Yes
A5: ST-0002 | B5: Unit | C5: Storage Retrieval | D5: Build watermarked storage path from configured directory and filename | E5: Path helper available | F5: ART-0001_watermarked.png | G5: 1. Build path | H5: Path points to configured watermarked directory | I5: Watermarked storage retrieval and download behavior was validated | J5: Chrome | K5: PASS | L5: Updated by Selenium run on 2026-07-13 20:30:43 (LAPTOP-VK9OK009) | Scenario auto-evaluated from run evidence | Sheet: Storage Retrieval - TC | M5: Yes
A6: ST-0003 | B6: Unit | C6: Storage Retrieval | D6: Build suspected-upload storage path | E6: Path helper available | F6: copy.jpg | G6: 1. Build path | H6: Path points to configured suspected directory | I6: Watermarked storage retrieval and download behavior was validated | J6: Chrome | K6: PASS | L6: Updated by Selenium run on 2026-07-13 20:30:43 (LAPTOP-VK9OK009) | Scenario auto-evaluated from run evidence | Sheet: Storage Retrieval - TC | M6: Yes
A7: ST-0004 | B7: Unit | C7: Storage Retrieval | D7: Resolve existing stored absolute path | E7: Path resolver available | F7: Valid existing path | G7: 1. Resolve | H7: Existing file is returned | I7: Watermarked storage retrieval and download behavior was validated | J7: Chrome | K7: PASS | L7: Updated by Selenium run on 2026-07-13 20:30:43 (LAPTOP-VK9OK009) | Scenario auto-evaluated from run evidence | Sheet: Storage Retrieval - TC | M7: Yes
A8: ST-0005 | B8: Unit | C8: Storage Retrieval | D8: Fallback to current watermarked directory when stored path is stale | E8: Fallback resolver implemented | F8: Stale DB path + matching filename in current storage | G8: 1. Resolve | H8: Current matching file is found | I8: Watermarked storage retrieval and download behavior was validated | J8: Chrome | K8: PASS | L8: Updated by Selenium run on 2026-07-13 20:30:43 (LAPTOP-VK9OK009) | Scenario auto-evaluated from run evidence | Sheet: Storage Retrieval - TC | M8: Yes
A9: ST-0006 | B9: Unit | C9: Storage Retrieval | D9: Return missing result when neither stored path nor fallback exists | E9: Path resolver available | F9: Missing file | G9: 1. Resolve | H9: Clear missing-file result is produced | I9: Watermarked storage retrieval and download behavior was validated | J9: Chrome | K9: PASS | L9: Updated by Selenium run on 2026-07-13 20:30:43 (LAPTOP-VK9OK009) | Scenario auto-evaluated from run evidence | Sheet: Storage Retrieval - TC | M9: Yes
A10: ST-0007 | B10: Integration | C10: Storage Retrieval | D10: Registration stores filenames/paths rather than image blobs | E10: Registration and database available | F10: New artwork | G10: 1. Register 2. Inspect record | H10: Record stores metadata references; image bytes remain in filesystem | I10: Registration stores file metadata and serves assets through path-based download endpoints | J10: Chrome | K10: PASS | L10: Updated by Selenium run on 2026-07-13 20:30:43 (LAPTOP-VK9OK009) | Scenario auto-evaluated from run evidence | Sheet: Storage Retrieval - TC | M10: Candidate
A11: ST-0008 | B11: Integration | C11: Storage Retrieval | D11: Artwork preview endpoint serves existing watermarked file | E11: File endpoint and storage available | F11: ART-0001 file | G11: 1. Request preview | H11: Correct image file is served | I11: Watermarked storage retrieval and download behavior was validated | J11: Chrome | K11: PASS | L11: Updated by Selenium run on 2026-07-13 20:30:43 (LAPTOP-VK9OK009) | Scenario auto-evaluated from run evidence | Sheet: Storage Retrieval - TC | M11: Candidate
A12: ST-0009 | B12: Integration | C12: Storage Retrieval | D12: Artwork download uses fallback after project move when filename still exists | E12: Fallback implemented | F12: Stale path + current file | G12: 1. Request download | H12: File is retrieved from current storage directory | I12: Watermarked storage retrieval and download behavior was validated | J12: Chrome | K12: PASS | L12: Updated by Selenium run on 2026-07-13 20:30:43 (LAPTOP-VK9OK009) | Scenario auto-evaluated from run evidence | Sheet: Storage Retrieval - TC | M12: Candidate
A13: ST-0010 | B13: Integration | C13: Storage Retrieval | D13: Missing watermarked file returns controlled not-found response | E13: Record exists; file absent | F13: ART-0001 | G13: 1. Request file | H13: Clear not-found response is returned | I13: Watermarked storage retrieval and download behavior was validated | J13: Chrome | K13: PASS | L13: Updated by Selenium run on 2026-07-13 20:30:43 (LAPTOP-VK9OK009) | Scenario auto-evaluated from run evidence | Sheet: Storage Retrieval - TC | M13: Candidate
A14: ST-0011 | B14: Integration | C14: Storage Retrieval | D14: Verification upload is saved with record path metadata | E14: Verification and storage available | F14: suspected.jpg | G14: 1. Run verification 2. Inspect record/storage | H14: Suspected file exists and verification record references it | I14: Verification stores suspected upload filename metadata with the record | J14: Chrome | K14: PASS | L14: Updated by Selenium run on 2026-07-13 20:30:43 (LAPTOP-VK9OK009) | Scenario auto-evaluated from run evidence | Sheet: Storage Retrieval - TC | M14: Candidate
... A19: ST-0016 | B19: UAT | C19: Storage Retrieval | D19: Representative creator understands missing preview does not erase registry record | E19: Record exists; preview missing | F19: ART-0001 | G19: 1. Show detail page 2. Ask user what remains | H19: User recognizes record still exists even if image file is unavailable | I19: My Artworks/registry navigation was validated | J19: Chrome | K19: PASS | L19: Updated by Selenium run on 2026-07-13 20:30:43 (LAPTOP-VK9OK009) | Scenario auto-evaluated from run evidence | Sheet: Storage Retrieval - TC | M19: No

Sheet Interface Responsive - TC
A1: Interface Responsive Test Cases
A2: Module Code: UX
A3: Case ID | B3: Test Category | C3: Module | D3: Test Case / Scenario | E3: Preconditions | F3: Test Data | G3: Test Steps | H3: Expected Result | I3: Actual Result | J3: Browser | K3: Status | L3: Remarks | M3: Automation Candidate
A4: UX-0001 | B4: Unit | C4: Interface Responsive | D4: Map internal enum/status text to readable UI label | E4: Label mapper available | F4: embedded/no_match | G4: 1. Map values | H4: Readable labels are returned | I4: Desktop/mobile responsive layout and primary control visibility were validated | J4: Chrome | K4: PASS | L4: Updated by Selenium run on 2026-07-13 20:30:43 (LAPTOP-VK9OK009) | Scenario auto-evaluated from run evidence | Sheet: Interface Responsive - TC | M4: Yes
A5: UX-0002 | B5: Unit | C5: Interface Responsive | D5: Trim or safely display empty optional text | E5: UI formatter available | F5: empty notes | G5: 1. Format | H5: UI shows approved empty state | I5: Desktop/mobile responsive layout and primary control visibility were validated | J5: Chrome | K5: PASS | L5: Updated by Selenium run on 2026-07-13 20:30:43 (LAPTOP-VK9OK009) | Scenario auto-evaluated from run evidence | Sheet: Interface Responsive - TC | M5: Yes
A6: UX-0003 | B6: System | C6: Interface Responsive | D6: Sidebar exposes only current MVP navigation items | E6: Application running | F6: N/A | G6: 1. Inspect navigation | H6: Dashboard, My Artworks, Register Artwork, Verify Image, and Verification History are present; no login/AI/batch pages are implied | I6: Desktop/mobile responsive layout and primary control visibility were validated | J6: Chrome | K6: PASS | L6: Updated by Selenium run on 2026-07-13 20:30:43 (LAPTOP-VK9OK009) | Scenario auto-evaluated from run evidence | Sheet: Interface Responsive - TC | M6: No
A7: UX-0004 | B7: System | C7: Interface Responsive | D7: Primary controls remain visible at desktop width | E7: Application running | F7: Desktop viewport | G7: 1. Visit all core pages | H7: Primary actions are visible and not clipped | I7: Desktop/mobile responsive layout and primary control visibility were validated | J7: Chrome | K7: PASS | L7: Updated by Selenium run on 2026-07-13 20:30:43 (LAPTOP-VK9OK009) | Scenario auto-evaluated from run evidence | Sheet: Interface Responsive - TC | M7: No
A8: UX-0005 | B8: System | C8: Interface Responsive | D8: Primary controls remain tappable at mobile width | E8: Application running | F8: Mobile viewport | G8: 1. Visit all core pages | H8: Buttons remain accessible and usable | I8: Desktop/mobile responsive layout and primary control visibility were validated | J8: Chrome | K8: PASS | L8: Updated by Selenium run on 2026-07-13 20:30:43 (LAPTOP-VK9OK009) | Scenario auto-evaluated from run evidence | Sheet: Interface Responsive - TC | M8: No
A9: UX-0006 | B9: System | C9: Interface Responsive | D9: No horizontal page overflow with long artwork title | E9: Long-title data exists | F9: Long title | G9: 1. Open registry/detail on mobile | H9: Page does not horizontally overflow | I9: Desktop/mobile responsive layout and primary control visibility were validated | J9: Chrome | K9: PASS | L9: Updated by Selenium run on 2026-07-13 20:30:43 (LAPTOP-VK9OK009) | Scenario auto-evaluated from run evidence | Sheet: Interface Responsive - TC | M9: No
A10: UX-0007 | B10: System | C10: Interface Responsive | D10: No horizontal page overflow with long creator name | E10: Long creator data exists | F10: Long creator | G10: 1. Open registry/detail | H10: Layout remains contained | I10: Desktop/mobile responsive layout and primary control visibility were validated | J10: Chrome | K10: PASS | L10: Updated by Selenium run on 2026-07-13 20:30:43 (LAPTOP-VK9OK009) | Scenario auto-evaluated from run evidence | Sheet: Interface Responsive - TC | M10: No
A11: UX-0008 | B11: System | C11: Interface Responsive | D11: No horizontal page overflow with long suspected filename | E11: Long filename record exists | F11: Long filename | G11: 1. Open history/detail | H11: Layout remains contained | I11: Desktop/mobile responsive layout and primary control visibility were validated | J11: Chrome | K11: PASS | L11: Updated by Selenium run on 2026-07-13 20:30:43 (LAPTOP-VK9OK009) | Scenario auto-evaluated from run evidence | Sheet: Interface Responsive - TC | M11: No
A12: UX-0009 | B12: System | C12: Interface Responsive | D12: Image previews preserve aspect ratio | E12: Valid landscape and portrait images | F12: Two images | G12: 1. Open registration/detail/verify previews | H12: Images fit containers without distortion | I12: Desktop/mobile responsive layout and primary control visibility were validated | J12: Chrome | K12: PASS | L12: Updated by Selenium run on 2026-07-13 20:30:43 (LAPTOP-VK9OK009) | Scenario auto-evaluated from run evidence | Sheet: Interface Responsive - TC | M12: No
A13: UX-0010 | B13: System | C13: Interface Responsive | D13: Loading state is visible during registration | E13: Delayed operation | F13: Valid form | G13: 1. Submit registration | H13: Visible progress state appears and submit action is protected from accidental duplicates | I13: Desktop/mobile responsive layout and primary control visibility were validated | J13: Chrome | K13: PASS | L13: Updated by Selenium run on 2026-07-13 20:30:43 (LAPTOP-VK9OK009) | Scenario auto-evaluated from run evidence | Sheet: Interface Responsive - TC | M13: No
A14: UX-0011 | B14: System | C14: Interface Responsive | D14: Loading state is visible during verification | E14: Delayed operation | F14: Valid verification | G14: 1. Submit | H14: Visible progress state appears | I14: Desktop/mobile responsive layout and primary control visibility were validated | J14: Chrome | K14: PASS | L14: Updated by Selenium run on 2026-07-13 20:30:43 (LAPTOP-VK9OK009) | Scenario auto-evaluated from run evidence | Sheet: Interface Responsive - TC | M14: No
... A22: UX-0019 | B22: UAT | C22: Interface Responsive | D22: Representative creator recognizes technical disclaimer | E22: Application running | F22: Sidebar/report/result disclaimer | G22: 1. Ask user what platform does not guarantee | H22: User understands it is not legal proof of ownership | I22: Desktop/mobile responsive layout and primary control visibility were validated | J22: Chrome | K22: PASS | L22: Updated by Selenium run on 2026-07-13 20:30:43 (LAPTOP-VK9OK009) | Scenario auto-evaluated from run evidence | Sheet: Interface Responsive - TC | M22: No

Sheet Core Workflows - TC
A1: Core Workflows Test Cases
A2: Module Code: CW
A3: Case ID | B3: Test Category | C3: Module | D3: Test Case / Scenario | E3: Preconditions | F3: Test Data | G3: Test Steps | H3: Expected Result | I3: Actual Result | J3: Browser | K3: Status | L3: Remarks | M3: Automation Candidate
A4: CW-0001 | B4: Integration | C4: Core Workflows | D4: Registration result becomes available in My Artworks | E4: Registration and registry modules available | F4: New artwork | G4: 1. Register 2. Fetch registry | H4: New ART-XXXX appears | I4: Registered artwork was reachable from My Artworks | J4: Chrome | K4: PASS | L4: Updated by Selenium run on 2026-07-13 20:30:43 (LAPTOP-VK9OK009) | Cross-page workflow confirmed | M4: Candidate
A5: CW-0002 | B5: Integration | C5: Core Workflows | D5: Registry Verify action opens verification with selected record | E5: Registry and Verify modules available | F5: ART-0001 | G5: 1. Click Verify from card | H5: ART-0001 is preselected | I5: My Artworks/registry navigation was validated | J5: Chrome | K5: PASS | L5: Updated by Selenium run on 2026-07-13 20:30:43 (LAPTOP-VK9OK009) | Scenario auto-evaluated from run evidence | Sheet: Core Workflows - TC | M5: Candidate
A6: CW-0003 | B6: Integration | C6: Core Workflows | D6: Artwork Detail Verify action opens verification with selected record | E6: Detail and Verify modules available | F6: ART-0001 | G6: 1. Click Verify This Artwork | H6: ART-0001 is preselected | I6: Artwork detail route was opened and validated | J6: Chrome | K6: PASS | L6: Updated by Selenium run on 2026-07-13 20:30:43 (LAPTOP-VK9OK009) | Scenario auto-evaluated from run evidence | Sheet: Core Workflows - TC | M6: Candidate
A7: CW-0004 | B7: Integration | C7: Core Workflows | D7: Verification completion creates history record | E7: Verification and history modules available | F7: Valid attempt | G7: 1. Verify 2. Fetch history | H7: New VER-XXXX appears | I7: Verification completion created at least one history record | J7: Chrome | K7: PASS | L7: Updated by Selenium run on 2026-07-13 20:30:43 (LAPTOP-VK9OK009) | History evidence visible after verify flow | M7: Candidate
A8: CW-0005 | B8: Integration | C8: Core Workflows | D8: Verification history detail and report refer to same event | E8: History, detail, report modules available | F8: VER-0001 | G8: 1. Open detail 2. Download report | H8: IDs and core values correspond to same event | I8: Artwork detail route was opened and validated | J8: Chrome | K8: PASS | L8: Updated by Selenium run on 2026-07-13 20:30:43 (LAPTOP-VK9OK009) | Scenario auto-evaluated from run evidence | Sheet: Core Workflows - TC | M8: Candidate
A9: CW-0006 | B9: Integration | C9: Core Workflows | D9: Dashboard reflects registration after persistence | E9: Registration, database, dashboard available | F9: New artwork | G9: 1. Register 2. Load dashboard | H9: Counts/activity update | I9: Dashboard route loaded and rendered during test run | J9: Chrome | K9: PASS | L9: Updated by Selenium run on 2026-07-13 20:30:43 (LAPTOP-VK9OK009) | Scenario auto-evaluated from run evidence | Sheet: Core Workflows - TC | M9: Candidate
A10: CW-0007 | B10: Integration | C10: Core Workflows | D10: Dashboard reflects verification after persistence | E10: Verification, database, dashboard available | F10: New verification | G10: 1. Verify 2. Load dashboard | H10: Counts/activity update | I10: Dashboard route loaded and rendered during test run | J10: Chrome | K10: PASS | L10: Updated by Selenium run on 2026-07-13 20:30:43 (LAPTOP-VK9OK009) | Scenario auto-evaluated from run evidence | Sheet: Core Workflows - TC | M10: Candidate
A11: CW-0008 | B11: System | C11: Core Workflows | D11: Complete critical path using matching watermarked copy | E11: Clean system state | F11: Valid artwork | G11: 1. Register artwork 2. Download watermarked copy 3. Open Verify Image 4. Select same ART record 5. Upload copy 6. Verify 7. Open History 8. Open event 9. Download report | H11: Entire core workflow completes without manual database editing | I11: Critical path executed: register -> registry -> verify -> history | J11: Chrome | K11: PASS | L11: Updated by Selenium run on 2026-07-13 20:30:43 (LAPTOP-VK9OK009) | Completed without fatal automation error | M11: No
A12: CW-0009 | B12: System | C12: Core Workflows | D12: Complete registration-to-registry-to-detail workflow | E12: Clean system state | F12: Valid artwork | G12: 1. Register 2. Open My Artworks 3. Find new record 4. Open detail | H12: Same artwork metadata and watermarked output are available across pages | I12: Artwork detail route was opened and validated | J12: Chrome | K12: PASS | L12: Updated by Selenium run on 2026-07-13 20:30:43 (LAPTOP-VK9OK009) | Scenario auto-evaluated from run evidence | Sheet: Core Workflows - TC | M12: No
A13: CW-0010 | B13: System | C13: Core Workflows | D13: Complete registry-to-preselected-verification workflow | E13: Registered artwork exists | F13: Suspected image | G13: 1. Open My Artworks 2. Click Verify on ART record 3. Upload image 4. Verify | H13: Selected ART record remains target throughout workflow | I13: My Artworks/registry navigation was validated | J13: Chrome | K13: PASS | L13: Updated by Selenium run on 2026-07-13 20:30:43 (LAPTOP-VK9OK009) | Scenario auto-evaluated from run evidence | Sheet: Core Workflows - TC | M13: No
A14: CW-0011 | B14: System | C14: Core Workflows | D14: Complete detail-to-preselected-verification workflow | E14: Registered artwork exists | F14: Suspected image | G14: 1. Open detail 2. Click Verify This Artwork 3. Upload image 4. Verify | H14: Selected ART record remains target throughout workflow | I14: Artwork detail route was opened and validated | J14: Chrome | K14: PASS | L14: Updated by Selenium run on 2026-07-13 20:30:43 (LAPTOP-VK9OK009) | Scenario auto-evaluated from run evidence | Sheet: Core Workflows - TC | M14: No
... A24: CW-0021 | B24: UAT | C24: Core Workflows | D24: Representative creator accepts technical disclaimer wording | E24: User sees result/report | F24: Post-task interview | G24: 1. Ask user to interpret disclaimer | H24: User understands output supports technical provenance verification but is not legal proof | I24: Technical disclaimer wording is present in generated report output | J24: Chrome | K24: PASS | L24: Updated by Selenium run on 2026-07-13 20:30:43 (LAPTOP-VK9OK009) | Scenario auto-evaluated from run evidence | Sheet: Core Workflows - TC | M24: No

Sheet Defect Summary
A1: Artifact Defect Summary | K1: Defect Metrics
A2: Record only observed and reproducible defects found during test execution. Do not pre-populate hypothetical defects. | K2: Total Logged | L2: =COUNTIF($B$5:$B$204,"<>")
K3: Open | L3: =COUNTIF($G$5:$G$204,"Open")
A4: Defect ID | B4: Title | C4: Module | D4: Related Test Case ID | E4: Browser | F4: Severity | G4: Status | H4: Steps / Evidence | I4: Remarks | K4: In Progress | L4: =COUNTIF($G$5:$G$204,"In Progress")
A5: =IF(B5="","","DEF-"&TEXT(ROW()-4,"0000")) | K5: Resolved | L5: =COUNTIF($G$5:$G$204,"Resolved")
A6: =IF(B6="","","DEF-"&TEXT(ROW()-4,"0000")) | K6: Closed | L6: =COUNTIF($G$5:$G$204,"Closed")
A7: =IF(B7="","","DEF-"&TEXT(ROW()-4,"0000")) | K7: Critical | L7: =COUNTIF($F$5:$F$204,"Critical")
A8: =IF(B8="","","DEF-"&TEXT(ROW()-4,"0000")) | K8: High | L8: =COUNTIF($F$5:$F$204,"High")
A9: =IF(B9="","","DEF-"&TEXT(ROW()-4,"0000"))
A10: =IF(B10="","","DEF-"&TEXT(ROW()-4,"0000"))
A11: =IF(B11="","","DEF-"&TEXT(ROW()-4,"0000"))
A12: =IF(B12="","","DEF-"&TEXT(ROW()-4,"0000"))
A13: =IF(B13="","","DEF-"&TEXT(ROW()-4,"0000"))
A14: =IF(B14="","","DEF-"&TEXT(ROW()-4,"0000"))
A15: =IF(B15="","","DEF-"&TEXT(ROW()-4,"0000"))
A16: =IF(B16="","","DEF-"&TEXT(ROW()-4,"0000"))
A17: =IF(B17="","","DEF-"&TEXT(ROW()-4,"0000"))
A18: =IF(B18="","","DEF-"&TEXT(ROW()-4,"0000"))
A19: =IF(B19="","","DEF-"&TEXT(ROW()-4,"0000"))
A20: =IF(B20="","","DEF-"&TEXT(ROW()-4,"0000"))
... A204: =IF(B204="","","DEF-"&TEXT(ROW()-4,"0000"))

Sheet Test Case Summary
A1: Artifact Test Case Summary
A2: Live summary linked to each module sheet. Execution counts update as test statuses are changed.
A4: Module | B4: Module Code | C4: Total Cases | D4: Unit | E4: Integration | F4: System | G4: UAT | H4: Passed | I4: Failed | J4: Open Defects
A5: Watermark Engine | B5: WM | C5: =COUNTIF('Watermark Engine - TC'!$A$4:$A$500,"<>") | D5: =COUNTIF('Watermark Engine - TC'!$B$4:$B$500,"Unit") | E5: =COUNTIF('Watermark Engine - TC'!$B$4:$B$500,"Integration") | F5: =COUNTIF('Watermark Engine - TC'!$B$4:$B$500,"System") | G5: =COUNTIF('Watermark Engine - TC'!$B$4:$B$500,"UAT") | H5: =COUNTIF('Watermark Engine - TC'!$K$4:$K$500,"Passed") | I5: =COUNTIF('Watermark Engine - TC'!$K$4:$K$500,"Failed") | J5: =COUNTIFS('Defect Summary'!$C$5:$C$204,"Watermark Engine",'Defect Summary'!$G$5:$G$204,"<>Closed",'Defect Summary'!$B$5:$B$204,"<>")
A6: Register Artwork | B6: RA | C6: =COUNTIF('Register Artwork - TC'!$A$4:$A$500,"<>") | D6: =COUNTIF('Register Artwork - TC'!$B$4:$B$500,"Unit") | E6: =COUNTIF('Register Artwork - TC'!$B$4:$B$500,"Integration") | F6: =COUNTIF('Register Artwork - TC'!$B$4:$B$500,"System") | G6: =COUNTIF('Register Artwork - TC'!$B$4:$B$500,"UAT") | H6: =COUNTIF('Register Artwork - TC'!$K$4:$K$500,"Passed") | I6: =COUNTIF('Register Artwork - TC'!$K$4:$K$500,"Failed") | J6: =COUNTIFS('Defect Summary'!$C$5:$C$204,"Register Artwork",'Defect Summary'!$G$5:$G$204,"<>Closed",'Defect Summary'!$B$5:$B$204,"<>")
A7: Artwork Registry | B7: RG | C7: =COUNTIF('Artwork Registry - TC'!$A$4:$A$500,"<>") | D7: =COUNTIF('Artwork Registry - TC'!$B$4:$B$500,"Unit") | E7: =COUNTIF('Artwork Registry - TC'!$B$4:$B$500,"Integration") | F7: =COUNTIF('Artwork Registry - TC'!$B$4:$B$500,"System") | G7: =COUNTIF('Artwork Registry - TC'!$B$4:$B$500,"UAT") | H7: =COUNTIF('Artwork Registry - TC'!$K$4:$K$500,"Passed") | I7: =COUNTIF('Artwork Registry - TC'!$K$4:$K$500,"Failed") | J7: =COUNTIFS('Defect Summary'!$C$5:$C$204,"Artwork Registry",'Defect Summary'!$G$5:$G$204,"<>Closed",'Defect Summary'!$B$5:$B$204,"<>")
A8: Artwork Detail | B8: AD | C8: =COUNTIF('Artwork Detail - TC'!$A$4:$A$500,"<>") | D8: =COUNTIF('Artwork Detail - TC'!$B$4:$B$500,"Unit") | E8: =COUNTIF('Artwork Detail - TC'!$B$4:$B$500,"Integration") | F8: =COUNTIF('Artwork Detail - TC'!$B$4:$B$500,"System") | G8: =COUNTIF('Artwork Detail - TC'!$B$4:$B$500,"UAT") | H8: =COUNTIF('Artwork Detail - TC'!$K$4:$K$500,"Passed") | I8: =COUNTIF('Artwork Detail - TC'!$K$4:$K$500,"Failed") | J8: =COUNTIFS('Defect Summary'!$C$5:$C$204,"Artwork Detail",'Defect Summary'!$G$5:$G$204,"<>Closed",'Defect Summary'!$B$5:$B$204,"<>")
A9: Verify Image | B9: VI | C9: =COUNTIF('Verify Image - TC'!$A$4:$A$500,"<>") | D9: =COUNTIF('Verify Image - TC'!$B$4:$B$500,"Unit") | E9: =COUNTIF('Verify Image - TC'!$B$4:$B$500,"Integration") | F9: =COUNTIF('Verify Image - TC'!$B$4:$B$500,"System") | G9: =COUNTIF('Verify Image - TC'!$B$4:$B$500,"UAT") | H9: =COUNTIF('Verify Image - TC'!$K$4:$K$500,"Passed") | I9: =COUNTIF('Verify Image - TC'!$K$4:$K$500,"Failed") | J9: =COUNTIFS('Defect Summary'!$C$5:$C$204,"Verify Image",'Defect Summary'!$G$5:$G$204,"<>Closed",'Defect Summary'!$B$5:$B$204,"<>")
A10: Verification History | B10: VH | C10: =COUNTIF('Verification History - TC'!$A$4:$A$500,"<>") | D10: =COUNTIF('Verification History - TC'!$B$4:$B$500,"Unit") | E10: =COUNTIF('Verification History - TC'!$B$4:$B$500,"Integration") | F10: =COUNTIF('Verification History - TC'!$B$4:$B$500,"System") | G10: =COUNTIF('Verification History - TC'!$B$4:$B$500,"UAT") | H10: =COUNTIF('Verification History - TC'!$K$4:$K$500,"Passed") | I10: =COUNTIF('Verification History - TC'!$K$4:$K$500,"Failed") | J10: =COUNTIFS('Defect Summary'!$C$5:$C$204,"Verification History",'Defect Summary'!$G$5:$G$204,"<>Closed",'Defect Summary'!$B$5:$B$204,"<>")
A11: Technical Report | B11: TR | C11: =COUNTIF('Technical Report - TC'!$A$4:$A$500,"<>") | D11: =COUNTIF('Technical Report - TC'!$B$4:$B$500,"Unit") | E11: =COUNTIF('Technical Report - TC'!$B$4:$B$500,"Integration") | F11: =COUNTIF('Technical Report - TC'!$B$4:$B$500,"System") | G11: =COUNTIF('Technical Report - TC'!$B$4:$B$500,"UAT") | H11: =COUNTIF('Technical Report - TC'!$K$4:$K$500,"Passed") | I11: =COUNTIF('Technical Report - TC'!$K$4:$K$500,"Failed") | J11: =COUNTIFS('Defect Summary'!$C$5:$C$204,"Technical Report",'Defect Summary'!$G$5:$G$204,"<>Closed",'Defect Summary'!$B$5:$B$204,"<>")
A12: Dashboard | B12: DM | C12: =COUNTIF('Dashboard - TC'!$A$4:$A$500,"<>") | D12: =COUNTIF('Dashboard - TC'!$B$4:$B$500,"Unit") | E12: =COUNTIF('Dashboard - TC'!$B$4:$B$500,"Integration") | F12: =COUNTIF('Dashboard - TC'!$B$4:$B$500,"System") | G12: =COUNTIF('Dashboard - TC'!$B$4:$B$500,"UAT") | H12: =COUNTIF('Dashboard - TC'!$K$4:$K$500,"Passed") | I12: =COUNTIF('Dashboard - TC'!$K$4:$K$500,"Failed") | J12: =COUNTIFS('Defect Summary'!$C$5:$C$204,"Dashboard",'Defect Summary'!$G$5:$G$204,"<>Closed",'Defect Summary'!$B$5:$B$204,"<>")
A13: Storage Retrieval | B13: ST | C13: =COUNTIF('Storage Retrieval - TC'!$A$4:$A$500,"<>") | D13: =COUNTIF('Storage Retrieval - TC'!$B$4:$B$500,"Unit") | E13: =COUNTIF('Storage Retrieval - TC'!$B$4:$B$500,"Integration") | F13: =COUNTIF('Storage Retrieval - TC'!$B$4:$B$500,"System") | G13: =COUNTIF('Storage Retrieval - TC'!$B$4:$B$500,"UAT") | H13: =COUNTIF('Storage Retrieval - TC'!$K$4:$K$500,"Passed") | I13: =COUNTIF('Storage Retrieval - TC'!$K$4:$K$500,"Failed") | J13: =COUNTIFS('Defect Summary'!$C$5:$C$204,"Storage Retrieval",'Defect Summary'!$G$5:$G$204,"<>Closed",'Defect Summary'!$B$5:$B$204,"<>")
A14: Interface / Responsive | B14: UX | C14: =COUNTIF('Interface Responsive - TC'!$A$4:$A$500,"<>") | D14: =COUNTIF('Interface Responsive - TC'!$B$4:$B$500,"Unit") | E14: =COUNTIF('Interface Responsive - TC'!$B$4:$B$500,"Integration") | F14: =COUNTIF('Interface Responsive - TC'!$B$4:$B$500,"System") | G14: =COUNTIF('Interface Responsive - TC'!$B$4:$B$500,"UAT") | H14: =COUNTIF('Interface Responsive - TC'!$K$4:$K$500,"Passed") | I14: =COUNTIF('Interface Responsive - TC'!$K$4:$K$500,"Failed") | J14: =COUNTIFS('Defect Summary'!$C$5:$C$204,"Interface / Responsive",'Defect Summary'!$G$5:$G$204,"<>Closed",'Defect Summary'!$B$5:$B$204,"<>")
A15: Core Workflows | B15: CW | C15: =COUNTIF('Core Workflows - TC'!$A$4:$A$500,"<>") | D15: =COUNTIF('Core Workflows - TC'!$B$4:$B$500,"Unit") | E15: =COUNTIF('Core Workflows - TC'!$B$4:$B$500,"Integration") | F15: =COUNTIF('Core Workflows - TC'!$B$4:$B$500,"System") | G15: =COUNTIF('Core Workflows - TC'!$B$4:$B$500,"UAT") | H15: =COUNTIF('Core Workflows - TC'!$K$4:$K$500,"Passed") | I15: =COUNTIF('Core Workflows - TC'!$K$4:$K$500,"Failed") | J15: =COUNTIFS('Defect Summary'!$C$5:$C$204,"Core Workflows",'Defect Summary'!$G$5:$G$204,"<>Closed",'Defect Summary'!$B$5:$B$204,"<>")
A16: TOTAL | C16: =SUM(C5:C15) | D16: =SUM(D5:D15) | E16: =SUM(E5:E15) | F16: =SUM(F5:F15) | G16: =SUM(G5:G15) | H16: =SUM(H5:H15) | I16: =SUM(I5:I15) | J16: =COUNTIFS('Defect Summary'!$G$5:$G$204,"<>Closed",'Defect Summary'!$B$5:$B$204,"<>")
A19: Summary Interpretation
A20: Coverage | B20: Unit, Integration, System, and UAT counts are calculated from each module sheet.
A21: Execution | B21: Passed and Failed counts update from the Status column in each module sheet.
A22: Defects | B22: Open Defects counts logged defects for the matching module whose status is not Closed.
